{
  "creation_date": "2026-02-02 15:01:37",
  "method": "Record Linkage with threshold-based rules",
  "B1_RecordLinkage": {
    "blocking_strategy": "Manufacturer + Model",
    "total_candidates": 964002,
    "predicted_matches": 30698,
    "precision": 0.009707472799530914,
    "recall": 0.8869047619047619,
    "f1_score": 0.01920474318489399,
    "confusion_matrix": {
      "true_positives": 298,
      "true_negatives": 933266,
      "false_positives": 30400,
      "false_negatives": 38
    },
    "timing": {
      "feature_computation_seconds": 1.3169820308685303,
      "inference_seconds": 0.02599620819091797,
      "total_seconds": 1.3429782390594482
    }
  },
  "B2_RecordLinkage": {
    "blocking_strategy": "Manufacturer + Model + Year",
    "total_candidates": 77087,
    "predicted_matches": 30698,
    "precision": 0.009707472799530914,
    "recall": 0.8869047619047619,
    "f1_score": 0.01920474318489399,
    "confusion_matrix": {
      "true_positives": 298,
      "true_negatives": 46351,
      "false_positives": 30400,
      "false_negatives": 38
    },
    "timing": {
      "feature_computation_seconds": 0.11660885810852051,
      "inference_seconds": 0.0029981136322021484,
      "total_seconds": 0.11960697174072266
    }
  }
}