{
  "creation_date": "2026-02-02 16:07:54",
  "method": "Python Dedupe Library",
  "training_time_seconds": 261.0227029323578,
  "B1_Dedupe": {
    "blocking": "Manufacturer + Model",
    "candidates": 964002,
    "predicted_matches": 5848,
    "precision": 0.035909712722298225,
    "recall": 0.625,
    "f1_score": 0.06791720569210867,
    "tp": 210,
    "tn": 958028,
    "fp": 5638,
    "fn": 126,
    "inference_time": 158.15761399269104
  },
  "B2_Dedupe": {
    "blocking": "Manufacturer + Model + Year",
    "candidates": 77087,
    "predicted_matches": 3698,
    "precision": 0.05678745267712277,
    "recall": 0.625,
    "f1_score": 0.10411502231036192,
    "tp": 210,
    "tn": 73263,
    "fp": 3488,
    "fn": 126,
    "inference_time": 154.93359088897705
  }
}