threshold,precision,recall,f1_score,tp,tn,fp,fn,predicted_matches,inference_time,pipeline
0.3,0.3126771207254865,0.7167605023819835,0.43541173375427517,1655,958055,3638,654,5293,149.68115282058716,B1
0.5,0.3126771207254865,0.7167605023819835,0.43541173375427517,1655,958055,3638,654,5293,141.31950616836548,B1
0.7,0.31273620559334847,0.7167605023819835,0.4354690172345744,1655,958056,3637,654,5292,133.74358773231506,B1
0.3,0.3126771207254865,0.7167605023819835,0.43541173375427517,1655,71140,3638,654,5293,141.18715500831604,B2
0.5,0.3126771207254865,0.7167605023819835,0.43541173375427517,1655,71140,3638,654,5293,141.02829551696777,B2
0.7,0.31273620559334847,0.7167605023819835,0.4354690172345744,1655,71141,3637,654,5292,137.63343119621277,B2
