Blocking,Threshold,Precision,Recall,F1,TP,FP
B1,0.3,0.010295004144374953,0.9270568278201866,0.02036386671262355,2186,210150
B2,0.3,0.057627657039997886,0.9424242424242424,0.10861376506099234,2177,35600
B1,0.5,0.012675772689040788,0.90754877014419,0.025002336666978223,2140,166686
B2,0.5,0.0675573002405977,0.9238095238095239,0.12590713316419846,2134,29454
B1,0.7,0.0158211991922382,0.8837998303647159,0.031085918854415275,2084,129638
B2,0.7,0.08036610797868232,0.9008658008658008,0.14756772089065381,2081,23813
